{
  "0": 5287.349999999999,
  "1": 4852.133333333333,
  "2": 5414.933333333333,
  "3": 4672.7,
  "4": 5896.916666666667,
  "5": 4545.966666666666
}
